Index,Time,OpeningPrice,HighPrice,LowPrice,TradePrice,CandleAccTradeVolume,candleAccTradePrice,up
0,2021-03-28T09:00:00+09:00,23.0,23.1,22.1,22.5,312912502.4891902,7013246680.690751,0
1,2021-03-28T10:00:00+09:00,22.5,22.8,22.2,22.3,198859557.64269954,4463310330.266939,0
2,2021-03-28T11:00:00+09:00,22.3,22.4,22.0,22.3,150929552.1071692,3348979286.334629,0
3,2021-03-28T12:00:00+09:00,22.3,22.7,22.2,22.6,116320078.56439704,2609814198.757703,1
4,2021-03-28T13:00:00+09:00,22.7,23.0,22.4,22.5,203607625.17659062,4617963664.563197,1
5,2021-03-28T14:00:00+09:00,22.5,22.6,22.3,22.3,93376682.66323148,2092997268.989988,0
6,2021-03-28T15:00:00+09:00,22.3,22.4,22.3,22.3,56243960.93749064,1256998073.2064705,0
7,2021-03-28T16:00:00+09:00,22.4,22.5,22.3,22.4,49015469.34486934,1096901401.5507452,0
8,2021-03-28T17:00:00+09:00,22.4,22.5,22.3,22.4,60056225.24697147,1343913149.0816395,0
9,2021-03-28T18:00:00+09:00,22.4,22.5,22.4,22.4,53743321.9580228,1206479954.6000006,1
10,2021-03-28T19:00:00+09:00,22.4,22.5,22.1,22.2,126856842.05976774,2821451016.5865865,0
11,2021-03-28T20:00:00+09:00,22.2,22.3,22.1,22.2,69630505.97159126,1544749781.2918837,0
12,2021-03-28T21:00:00+09:00,22.2,22.6,22.1,22.5,289345464.3652235,6502025634.753442,0
13,2021-03-28T22:00:00+09:00,22.5,22.7,22.3,22.5,197266670.3400782,4437439465.518405,0
14,2021-03-28T23:00:00+09:00,22.5,22.6,22.4,22.5,89027322.0768042,1999855896.2882223,0
15,2021-03-29T00:00:00+09:00,22.6,22.8,22.5,22.7,101842837.69088309,2305706985.6330233,0
16,2021-03-29T01:00:00+09:00,22.7,23.0,22.6,22.9,70541058.19454274,1608328631.9411244,1
17,2021-03-29T02:00:00+09:00,22.9,22.9,22.6,22.6,37056700.06206459,841987081.3464386,1
18,2021-03-29T03:00:00+09:00,22.7,22.9,22.5,22.5,30039231.33062373,681733989.6623061,0
19,2021-03-29T04:00:00+09:00,22.6,22.7,22.5,22.6,25800618.70441564,582708964.7362567,0
20,2021-03-29T05:00:00+09:00,22.6,22.8,22.5,22.6,32104478.8448052,727723416.6962888,0
21,2021-03-29T06:00:00+09:00,22.5,22.7,22.5,22.6,35787974.45701735,809349978.3882003,0
22,2021-03-29T07:00:00+09:00,22.6,22.8,22.5,22.8,59102164.71119121,1339187172.9511428,1
23,2021-03-29T08:00:00+09:00,22.7,22.9,22.6,22.7,106035279.81087907,2409100383.708174,0
24,2021-03-29T09:00:00+09:00,22.7,24.3,22.4,23.2,757296710.7936794,17637646217.11061,0
25,2021-03-29T10:00:00+09:00,23.3,23.9,23.1,23.5,367220922.08540887,8629905176.609652,1
26,2021-03-29T11:00:00+09:00,23.4,23.5,23.2,23.2,118501513.10395731,2765025708.106125,0
27,2021-03-29T12:00:00+09:00,23.3,23.5,23.2,23.5,89874217.25068477,2097268756.6172988,0
28,2021-03-29T13:00:00+09:00,23.4,24.0,23.4,23.7,265066666.4794814,6294163161.076077,0
29,2021-03-29T14:00:00+09:00,23.8,24.7,23.5,24.3,372769925.4522753,9007044487.693346,1
30,2021-03-29T15:00:00+09:00,24.4,24.4,23.7,23.8,213041544.25544074,5112601630.32873,0
31,2021-03-29T16:00:00+09:00,23.8,23.9,23.6,23.8,126521705.21427476,3002624648.794993,0
32,2021-03-29T17:00:00+09:00,23.7,24.0,23.5,23.9,119060633.24553216,2818600219.6266584,1
33,2021-03-29T18:00:00+09:00,23.9,23.9,23.5,23.6,109341077.80613375,2590983350.947681,1
34,2021-03-29T19:00:00+09:00,23.6,23.8,23.4,23.5,100993477.48469108,2380979837.394232,0
35,2021-03-29T20:00:00+09:00,23.5,23.9,23.5,23.7,111305511.899739,2637752700.1513553,0
36,2021-03-29T21:00:00+09:00,23.7,23.9,23.6,23.7,97343129.0502331,2311723138.4866986,1
37,2021-03-29T22:00:00+09:00,23.8,23.8,23.4,23.5,98822024.9903773,2332087313.8124213,0
38,2021-03-29T23:00:00+09:00,23.5,23.8,23.5,23.7,96633254.73203363,2280325378.6115665,1
39,2021-03-30T00:00:00+09:00,23.6,23.7,23.3,23.4,101446191.71696927,2379209213.563943,1
40,2021-03-30T01:00:00+09:00,23.4,23.5,23.2,23.3,44851978.62201162,1044468415.6859422,1
41,2021-03-30T02:00:00+09:00,23.4,23.5,23.1,23.1,44537069.93739183,1034966987.2506475,1
42,2021-03-30T03:00:00+09:00,23.1,23.2,22.7,23.0,95780949.21791162,2193187961.2376776,1
43,2021-03-30T04:00:00+09:00,23.1,23.4,22.6,22.7,66189872.76003429,1514981127.0958862,0
44,2021-03-30T05:00:00+09:00,22.7,23.2,22.6,23.0,76739773.53059365,1751898263.486875,1
45,2021-03-30T06:00:00+09:00,22.9,23.2,22.7,22.9,107151820.07612266,2449403839.40524,0
46,2021-03-30T07:00:00+09:00,22.9,23.3,22.8,23.1,86694840.6216489,1999955868.1648378,1
47,2021-03-30T08:00:00+09:00,23.2,23.3,22.8,22.9,123422125.23968364,2846669820.909809,0
48,2021-03-30T09:00:00+09:00,22.9,23.5,22.7,23.4,210756477.45014802,4886613527.065667,0
49,2021-03-30T10:00:00+09:00,23.4,24.2,23.2,23.8,246940960.5491621,5855517288.911541,1
50,2021-03-30T11:00:00+09:00,23.8,24.1,23.3,23.7,187121582.36247045,4444036400.915548,1
51,2021-03-30T12:00:00+09:00,23.7,23.8,23.2,23.5,166104073.36691985,3899886130.7654696,1
52,2021-03-30T13:00:00+09:00,23.5,23.6,23.3,23.4,109041290.93970186,2559396434.806297,0
53,2021-03-30T14:00:00+09:00,23.4,23.8,23.4,23.7,142079290.0271989,3353996322.891537,0
54,2021-03-30T15:00:00+09:00,23.7,23.8,23.5,23.7,116647823.97654507,2758679411.9558945,0
55,2021-03-30T16:00:00+09:00,23.7,24.2,23.6,23.9,264314587.69863108,6326979183.165442,1
56,2021-03-30T17:00:00+09:00,23.9,23.9,23.4,23.7,172929753.15117493,4090784664.469218,0
57,2021-03-30T18:00:00+09:00,23.7,24.5,23.6,24.0,222376524.587933,5335861212.354644,1
58,2021-03-30T19:00:00+09:00,24.1,24.4,23.5,23.9,225866438.04016626,5395468386.004191,0
59,2021-03-30T20:00:00+09:00,23.9,24.3,23.8,23.9,197242742.81242788,4749703748.019121,0
60,2021-03-30T21:00:00+09:00,23.9,24.3,23.9,24.2,156572946.94235784,3776552007.421601,1
61,2021-03-30T22:00:00+09:00,24.1,24.2,23.8,23.9,155787394.34052712,3732495884.613755,1
62,2021-03-30T23:00:00+09:00,24.0,24.0,23.5,23.7,178155597.25455794,4222392526.1755447,0
63,2021-03-31T00:00:00+09:00,23.7,24.2,23.6,24.0,124392169.94369921,2976146991.8423114,0
64,2021-03-31T01:00:00+09:00,24.0,24.2,23.9,24.0,52641829.06445911,1266534900.0983648,1
65,2021-03-31T02:00:00+09:00,24.0,24.1,23.8,23.8,44069560.81051591,1053349224.0902767,0
66,2021-03-31T03:00:00+09:00,23.8,24.1,23.7,24.1,25721890.54544624,614038670.6682073,1
67,2021-03-31T04:00:00+09:00,24.0,24.1,23.9,24.0,21366317.98264088,513428648.73067385,0
68,2021-03-31T05:00:00+09:00,24.0,24.2,23.9,24.2,23994776.67133983,576643751.0981603,0
69,2021-03-31T06:00:00+09:00,24.1,24.4,24.0,24.2,39677396.66331964,960479997.5923572,0
70,2021-03-31T07:00:00+09:00,24.2,24.3,24.1,24.2,71870223.15847224,1739699219.610554,0
71,2021-03-31T08:00:00+09:00,24.3,25.0,24.1,24.6,167617069.01660213,4117442490.881102,0
72,2021-03-31T09:00:00+09:00,24.5,26.9,24.2,25.5,765949412.3356028,19791956029.94711,0
73,2021-03-31T10:00:00+09:00,25.5,26.6,25.5,25.9,322362701.0598704,8433443355.168852,1
74,2021-03-31T11:00:00+09:00,25.9,26.0,25.3,25.5,196532581.01337188,5027411637.191316,1
75,2021-03-31T12:00:00+09:00,25.6,25.7,22.5,23.9,738949291.7892,17660798202.36563,0
76,2021-03-31T13:00:00+09:00,23.9,24.8,23.6,24.4,393057221.0704993,9525547481.742933,0
77,2021-03-31T14:00:00+09:00,24.4,25.6,23.8,25.4,310628639.8899218,7725129920.450695,1
78,2021-03-31T15:00:00+09:00,25.5,25.8,24.9,25.0,252085057.60752428,6387989852.716957,1
79,2021-03-31T16:00:00+09:00,25.1,25.5,23.9,24.7,423420428.4750588,10526284284.494783,0
80,2021-03-31T17:00:00+09:00,24.7,24.9,24.0,24.7,288152766.90719765,7065559877.600191,1
81,2021-03-31T18:00:00+09:00,24.7,25.2,24.4,24.6,217645060.61072922,5387734322.825905,1
82,2021-03-31T19:00:00+09:00,24.6,24.7,24.1,24.5,157772864.67918435,3846005300.495433,0
83,2021-03-31T20:00:00+09:00,24.4,25.4,24.4,25.0,282701159.97857666,7063887395.3717,0
84,2021-03-31T21:00:00+09:00,25.0,25.8,24.7,25.4,249391015.0609607,6314432694.869581,1
85,2021-03-31T22:00:00+09:00,25.4,26.2,25.3,25.3,266186402.12513366,6859546610.673237,0
86,2021-03-31T23:00:00+09:00,25.3,26.5,25.3,26.0,319864782.4016612,8324331491.366895,0
87,2021-04-01T00:00:00+09:00,26.0,26.2,25.5,26.0,165638858.71281028,4288707927.2903214,1
88,2021-04-01T01:00:00+09:00,26.0,26.0,25.4,25.6,88070706.31327783,2263576811.9760866,0
89,2021-04-01T02:00:00+09:00,25.7,26.2,25.4,26.0,50277251.93239905,1298794453.9481978,1
90,2021-04-01T03:00:00+09:00,26.0,26.0,25.9,25.9,12346.45084623,319849.99999428,1
91,2021-04-01T04:00:00+09:00,25.8,26.0,25.5,25.7,16202151.34471342,416840502.04221547,0
92,2021-04-01T05:00:00+09:00,25.8,26.4,25.6,26.3,51610307.98506578,1345120468.104811,0
93,2021-04-01T06:00:00+09:00,26.4,26.5,26.2,26.5,70705637.61209,1865500776.887866,0
94,2021-04-01T07:00:00+09:00,26.5,26.9,26.3,26.9,130048501.49666545,3448764358.484241,1
95,2021-04-01T08:00:00+09:00,26.9,27.7,26.6,26.8,381916098.0010521,10335292451.383112,0
96,2021-04-01T09:00:00+09:00,26.8,27.7,26.2,27.0,486689236.6560109,13107597005.473331,0
97,2021-04-01T10:00:00+09:00,26.9,29.0,25.8,28.7,650393060.7876543,17749750878.536728,0
98,2021-04-01T11:00:00+09:00,28.7,32.3,28.0,30.1,2129861930.1403563,64125728449.82719,0
99,2021-04-01T12:00:00+09:00,30.2,33.6,29.4,31.9,1196803118.801781,37581382886.58529,1
100,2021-04-01T13:00:00+09:00,31.8,32.6,30.2,30.7,866482423.4740411,27208137162.08025,0
101,2021-04-01T14:00:00+09:00,30.6,32.2,30.5,31.4,526529555.8609718,16555053038.685165,1
102,2021-04-01T15:00:00+09:00,31.4,32.1,30.4,30.4,447619408.23113924,13944528092.100636,0
103,2021-04-01T16:00:00+09:00,30.4,31.4,29.7,30.5,395398929.7365037,12058556861.779093,1
104,2021-04-01T17:00:00+09:00,30.4,31.1,30.2,30.4,253889444.62010932,7779805676.997482,0
105,2021-04-01T18:00:00+09:00,30.4,30.9,30.3,30.5,203023251.1056281,6201277228.4200115,1
106,2021-04-01T19:00:00+09:00,30.4,30.6,29.2,29.3,343685989.4174358,10257248461.588394,0
107,2021-04-01T20:00:00+09:00,29.4,29.8,28.2,29.7,590794510.6096476,17128943566.672338,0
108,2021-04-01T21:00:00+09:00,29.7,30.6,29.5,30.1,282547658.8108452,8499059390.875055,0
109,2021-04-01T22:00:00+09:00,30.1,30.6,29.8,30.2,227740511.08491826,6877670495.285634,0
110,2021-04-01T23:00:00+09:00,30.2,32.2,30.1,31.6,507717631.3548943,15797111302.528782,1
111,2021-04-02T00:00:00+09:00,31.5,33.1,31.0,31.1,543790718.3933214,17416128901.12658,0
112,2021-04-02T01:00:00+09:00,31.1,31.2,30.5,31.1,128613669.64672507,3961604815.3650646,0
113,2021-04-02T02:00:00+09:00,31.1,31.8,30.8,31.6,67055736.53357213,2100810774.9968538,1
114,2021-04-02T03:00:00+09:00,31.6,31.7,30.8,31.4,52322259.1543319,1634636231.025454,0
115,2021-04-02T04:00:00+09:00,31.5,32.7,30.9,32.6,107624040.67782097,3433550830.850867,1
116,2021-04-02T05:00:00+09:00,32.5,32.9,31.7,32.3,165697090.02122578,5383672520.330555,0
117,2021-04-02T06:00:00+09:00,32.3,32.9,31.3,32.4,298033009.2775417,9569894853.180265,0
118,2021-04-02T07:00:00+09:00,32.4,37.3,31.8,37.2,852086139.2677495,29171418979.267525,0
119,2021-04-02T08:00:00+09:00,37.1,38.6,33.7,37.5,1423385786.4362466,51052601612.5611,0
120,2021-04-02T09:00:00+09:00,37.5,52.5,37.4,50.4,4460031409.953926,210242932399.7034,1
121,2021-04-02T10:00:00+09:00,50.7,53.4,46.6,48.7,2060698924.6318436,103699963389.08107,1
122,2021-04-02T11:00:00+09:00,48.7,48.8,45.9,46.2,671171254.0364083,31680108947.653297,0
123,2021-04-02T12:00:00+09:00,46.3,47.5,45.0,46.6,663944399.7003052,30748266487.351727,1
124,2021-04-02T13:00:00+09:00,46.6,46.9,43.3,43.6,746917883.5556372,33819374407.316814,0
125,2021-04-02T14:00:00+09:00,43.7,45.1,42.4,45.1,592590533.0777912,25799449068.140903,1
126,2021-04-02T15:00:00+09:00,44.9,45.0,42.2,43.8,421014027.8610208,18307584592.405983,0
127,2021-04-02T16:00:00+09:00,43.8,45.0,43.6,44.7,208872425.50865644,9261946335.571764,0
128,2021-04-02T17:00:00+09:00,44.7,47.0,43.8,44.8,483381424.47306645,21879708730.956184,1
129,2021-04-02T18:00:00+09:00,44.8,45.4,44.0,44.1,295135515.0706601,13181218790.691465,1
130,2021-04-02T19:00:00+09:00,44.1,44.7,43.6,43.7,189922230.50659353,8380456371.812833,1
131,2021-04-02T20:00:00+09:00,43.7,44.3,43.2,43.6,215346206.76420993,9421960029.443789,1
132,2021-04-02T21:00:00+09:00,43.7,43.7,41.3,41.6,494348116.4380542,21002063571.065125,1
133,2021-04-02T22:00:00+09:00,41.6,42.6,39.6,41.0,787612597.491541,32170515653.30564,0
134,2021-04-02T23:00:00+09:00,41.0,43.0,40.6,42.5,435827161.80420387,18240509248.901737,1
135,2021-04-03T00:00:00+09:00,42.5,43.3,41.4,41.7,253609139.02513048,10755765700.310394,1
136,2021-04-03T01:00:00+09:00,41.7,41.7,40.4,41.0,201031079.5123971,8250129669.504891,1
137,2021-04-03T02:00:00+09:00,41.1,41.1,39.8,39.9,133729383.22967312,5390159839.601219,0
138,2021-04-03T03:00:00+09:00,40.0,41.2,39.8,41.1,87376811.28318115,3528140574.8709135,0
139,2021-04-03T04:00:00+09:00,41.2,41.6,40.2,41.2,68704892.3299799,2809984895.3257895,0
140,2021-04-03T05:00:00+09:00,41.2,43.0,41.2,41.5,137368514.26754034,5804024541.066966,0
141,2021-04-03T06:00:00+09:00,41.6,43.5,41.1,42.4,190550213.23216692,8036804025.146052,1
142,2021-04-03T07:00:00+09:00,42.4,43.4,41.6,41.7,237089834.74474996,10020087845.33728,0
143,2021-04-03T08:00:00+09:00,41.8,44.6,41.7,43.9,511425318.71983504,22008882711.77732,1
144,2021-04-03T09:00:00+09:00,43.8,44.0,40.5,41.2,649836490.3895596,26948068253.465336,1
145,2021-04-03T10:00:00+09:00,41.3,41.5,38.0,40.1,548955852.0211811,21896895540.647392,1
146,2021-04-03T11:00:00+09:00,40.1,40.3,39.1,40.0,247497281.60010633,9791531519.060337,1
147,2021-04-03T12:00:00+09:00,39.9,40.4,39.1,39.6,175088789.0340174,6958661367.140837,1
148,2021-04-03T13:00:00+09:00,39.6,39.7,39.1,39.5,111525165.30092445,4394830804.478904,1
149,2021-04-03T14:00:00+09:00,39.6,39.8,39.1,39.2,106817743.02876502,4205429916.6041594,1
150,2021-04-03T15:00:00+09:00,39.1,39.6,38.1,38.3,192512752.58548948,7473269749.02565,0
151,2021-04-03T16:00:00+09:00,38.4,39.0,38.0,38.3,170145628.57379073,6541195878.72797,0
152,2021-04-03T17:00:00+09:00,38.4,39.5,38.2,39.2,140806550.2621312,5480516015.94574,0
153,2021-04-03T18:00:00+09:00,39.3,40.3,38.6,40.2,177224182.66789013,7029774123.164852,1
154,2021-04-03T19:00:00+09:00,40.1,41.3,40.0,40.0,163311355.20171776,6618571943.821716,0
155,2021-04-03T20:00:00+09:00,40.1,40.9,39.7,40.5,114300236.05607028,4599987728.101873,1
156,2021-04-03T21:00:00+09:00,40.5,40.7,39.9,40.0,81344192.86997573,3277798508.263547,1
157,2021-04-03T22:00:00+09:00,39.9,40.3,39.5,39.8,123505163.84209108,4917329260.705007,1
158,2021-04-03T23:00:00+09:00,39.8,39.8,38.9,38.9,92673385.82804184,3654311823.909941,0
159,2021-04-04T00:00:00+09:00,39.0,39.6,38.7,38.9,85410684.76887648,3335011163.2361426,0
160,2021-04-04T01:00:00+09:00,38.9,39.5,38.6,39.0,57894519.12124845,2250818853.1281376,0
161,2021-04-04T02:00:00+09:00,39.0,39.9,39.0,39.0,53555551.19244438,2111350056.915162,1
162,2021-04-04T03:00:00+09:00,39.1,39.2,38.5,38.7,42301862.01796985,1637731583.6070387,0
163,2021-04-04T04:00:00+09:00,38.7,39.5,38.6,39.3,30725712.91753342,1199438671.8571212,1
164,2021-04-04T05:00:00+09:00,39.3,39.4,38.5,38.6,34328382.78436051,1329046037.140598,1
165,2021-04-04T06:00:00+09:00,38.7,38.7,34.4,37.3,265350074.56667015,9653914461.164639,1
166,2021-04-04T07:00:00+09:00,37.1,37.9,35.1,37.2,283387448.4179438,10311102507.257895,1
167,2021-04-04T08:00:00+09:00,37.3,38.4,35.7,36.5,203329652.68944618,7511092530.681143,0
168,2021-04-04T09:00:00+09:00,36.5,41.7,36.4,39.8,921046460.3929651,36422065362.380974,1
169,2021-04-04T10:00:00+09:00,39.8,39.9,38.7,38.9,197552655.23988983,7730992862.602896,0
170,2021-04-04T11:00:00+09:00,38.9,39.5,38.8,39.3,88427348.7002132,3465428429.8866076,1
171,2021-04-04T12:00:00+09:00,39.2,39.4,38.5,39.0,92378639.07798615,3593095995.759907,1
172,2021-04-04T13:00:00+09:00,38.9,39.1,38.7,38.8,54124042.13812219,2101966782.7680933,1
173,2021-04-04T14:00:00+09:00,38.8,38.9,37.2,37.6,137133105.7418268,5235165939.432895,0
174,2021-04-04T15:00:00+09:00,37.7,37.9,37.0,37.7,130001453.75296599,4867370413.464524,0
175,2021-04-04T16:00:00+09:00,37.8,38.2,37.2,37.7,106696120.1734998,4016418388.6330123,0
176,2021-04-04T17:00:00+09:00,37.6,38.3,37.6,38.2,68094326.39150429,2578393896.662106,0
177,2021-04-04T18:00:00+09:00,38.1,38.3,38.0,38.2,50261341.83503145,1918541022.8084018,0
178,2021-04-04T19:00:00+09:00,38.2,38.8,38.1,38.8,49014588.26734428,1877912020.719697,1
179,2021-04-04T20:00:00+09:00,38.8,39.4,38.1,38.4,169260001.78605664,6563932113.890875,0
180,2021-04-04T21:00:00+09:00,38.5,38.8,38.1,38.7,87016331.04545929,3349978250.1515484,0
181,2021-04-04T22:00:00+09:00,38.7,39.8,38.7,39.4,155806379.2425263,6121584949.360134,0
182,2021-04-04T23:00:00+09:00,39.4,40.9,39.3,39.8,247770741.76783767,9953869637.603624,1
183,2021-04-05T00:00:00+09:00,39.8,40.2,39.0,39.4,112997994.68753731,4477870030.525652,1
184,2021-04-05T01:00:00+09:00,39.4,39.5,38.8,38.8,64038594.60102365,2508097575.3721466,0
185,2021-04-05T02:00:00+09:00,38.9,40.3,38.8,39.9,42769900.94455516,1695613966.2320328,1
186,2021-04-05T03:00:00+09:00,40.0,40.0,39.2,39.3,27015568.83338824,1069693672.1990596,0
187,2021-04-05T04:00:00+09:00,39.3,39.8,39.2,39.4,25195707.89372733,993711187.819364,1
188,2021-04-05T05:00:00+09:00,39.4,39.6,38.8,39.1,48923421.18284501,1916239400.9454463,0
189,2021-04-05T06:00:00+09:00,39.1,40.9,39.1,40.9,97984878.17059055,3930310894.691037,1
190,2021-04-05T07:00:00+09:00,40.9,41.6,40.5,40.8,144937738.59612492,5944920345.52676,1
191,2021-04-05T08:00:00+09:00,40.8,41.5,40.0,40.6,172188746.43277794,7028946528.03804,0
192,2021-04-05T09:00:00+09:00,40.6,42.8,39.3,42.8,506614203.0631893,20855248034.057014,1
193,2021-04-05T10:00:00+09:00,42.7,42.9,41.1,41.6,282226124.185605,11809229588.461494,1
194,2021-04-05T11:00:00+09:00,41.6,42.0,40.6,41.2,188843462.47543454,7809091202.158601,0
195,2021-04-05T12:00:00+09:00,41.2,42.3,40.7,41.6,167160861.79850096,6931729642.694561,0
196,2021-04-05T13:00:00+09:00,41.6,42.2,41.4,41.6,125803232.46564497,5259344494.053023,1
197,2021-04-05T14:00:00+09:00,41.5,41.6,39.5,40.1,254234954.92557308,10270705606.631044,1
198,2021-04-05T15:00:00+09:00,40.1,40.2,37.8,38.9,309203195.3357045,12034808568.51335,0
199,2021-04-05T16:00:00+09:00,38.9,39.6,37.9,39.5,180363935.64797696,6940122265.7773,0
200,2021-04-05T17:00:00+09:00,39.4,39.8,38.5,39.6,85593686.46383454,3359218465.394118,0
201,2021-04-05T18:00:00+09:00,39.5,41.0,39.3,40.7,106352660.50459558,4270395081.434452,1
202,2021-04-05T19:00:00+09:00,40.7,40.9,39.5,39.7,118522861.95753267,4744503940.068378,0
203,2021-04-05T20:00:00+09:00,39.7,40.1,39.4,39.7,100492083.24401566,3992179457.6394343,1
204,2021-04-05T21:00:00+09:00,39.7,40.2,39.0,39.2,148163489.36657998,5869568976.200039,0
205,2021-04-05T22:00:00+09:00,39.2,39.6,38.1,39.2,178277197.84114465,6907629070.72608,1
206,2021-04-05T23:00:00+09:00,39.2,39.6,38.8,39.1,114289075.11565462,4484809818.086929,1
207,2021-04-06T00:00:00+09:00,39.1,39.8,38.4,38.8,113264912.48705731,4402782179.671592,1
208,2021-04-06T01:00:00+09:00,38.7,38.8,38.0,38.2,87759519.23689029,3366725383.2835875,0
209,2021-04-06T02:00:00+09:00,38.2,38.7,38.0,38.6,42228208.40724564,1618200756.5110772,1
210,2021-04-06T03:00:00+09:00,38.6,38.9,38.2,38.4,28108459.22055355,1081871314.586193,0
211,2021-04-06T04:00:00+09:00,38.4,38.9,38.1,38.8,32259226.94598033,1235721048.189882,1
212,2021-04-06T05:00:00+09:00,38.8,39.1,38.0,38.7,52179842.57994484,2009764470.2062511,1
213,2021-04-06T06:00:00+09:00,38.7,38.8,37.2,37.2,123982941.76901378,4693805296.010252,1
214,2021-04-06T07:00:00+09:00,37.2,37.7,32.2,34.8,347842631.1303006,12476722222.940994,0
215,2021-04-06T08:00:00+09:00,34.7,36.7,33.7,36.0,258873904.18774888,9204800726.775742,1
216,2021-04-06T09:00:00+09:00,36.0,38.2,31.0,31.5,617693986.1553383,21655446018.387062,0
217,2021-04-06T10:00:00+09:00,31.4,33.9,30.7,33.6,654446440.517765,21018614163.63685,0
218,2021-04-06T11:00:00+09:00,33.5,34.6,33.3,34.4,250550501.3271242,8525980447.694763,0
219,2021-04-06T12:00:00+09:00,34.4,37.6,34.2,36.6,367299091.5720683,13220293377.033113,0
220,2021-04-06T13:00:00+09:00,36.7,37.4,35.9,37.1,292610301.50388676,10721351746.92569,1
221,2021-04-06T14:00:00+09:00,37.0,37.1,35.8,36.6,170670152.36909407,6220215355.643842,1
222,2021-04-06T15:00:00+09:00,36.7,37.0,35.5,35.7,144515248.57289767,5242413979.50816,1
223,2021-04-06T16:00:00+09:00,35.7,35.9,34.0,34.4,201930819.1771673,7064556678.663951,1
224,2021-04-06T17:00:00+09:00,34.5,35.1,33.2,33.7,208190906.2867999,7120108582.163655,0
225,2021-04-06T18:00:00+09:00,33.7,34.9,33.5,34.6,128329948.61809893,4390849935.740104,1
226,2021-04-06T19:00:00+09:00,34.5,34.9,31.7,32.3,280114482.4543161,9228091248.9191,0
227,2021-04-06T20:00:00+09:00,32.3,33.6,30.6,33.2,389436623.63967866,12437801039.0156,1
228,2021-04-06T21:00:00+09:00,33.3,33.8,31.9,32.1,208754676.5370763,6840602361.480596,0
229,2021-04-06T22:00:00+09:00,32.1,32.5,31.5,32.3,143164942.89505565,4571591604.556219,1
230,2021-04-06T23:00:00+09:00,32.3,32.3,30.2,31.2,272696129.5746945,8456797037.935957,0
231,2021-04-07T00:00:00+09:00,31.1,31.9,30.8,31.8,92041526.63235554,2879991074.0935254,0
232,2021-04-07T01:00:00+09:00,31.8,33.0,31.5,32.8,66900827.22136949,2170592430.041598,0
233,2021-04-07T02:00:00+09:00,32.8,33.3,32.6,33.2,30213883.72302474,997260876.033329,0
234,2021-04-07T03:00:00+09:00,33.2,33.7,33.0,33.2,21343751.85287909,709592274.4675008,1
235,2021-04-07T04:00:00+09:00,33.3,33.5,31.5,31.6,33898747.03853078,1097515716.7157826,0
236,2021-04-07T05:00:00+09:00,31.5,33.1,31.5,32.8,32271000.17366,1046672534.9127735,0
237,2021-04-07T06:00:00+09:00,32.8,33.3,32.4,33.1,54787226.62496577,1805703442.582564,0
238,2021-04-07T07:00:00+09:00,33.1,34.5,33.0,34.0,150566070.3160381,5096509556.727766,0
239,2021-04-07T08:00:00+09:00,33.9,34.9,33.4,34.1,152091353.34545273,5211685150.959399,1
240,2021-04-07T09:00:00+09:00,34.1,34.2,31.0,31.8,341695868.87452674,10979836412.43227,1
241,2021-04-07T10:00:00+09:00,31.9,32.2,31.2,31.7,152519610.19751576,4815368187.953237,1
242,2021-04-07T11:00:00+09:00,31.7,31.9,31.1,31.1,120751529.01326837,3799316701.7921205,1
243,2021-04-07T12:00:00+09:00,31.1,31.3,28.8,28.8,374829863.636751,11315641034.545439,1
244,2021-04-07T13:00:00+09:00,28.9,29.4,26.5,28.4,798201217.0473247,22287500901.89639,1
245,2021-04-07T14:00:00+09:00,28.4,28.5,26.1,26.2,375949818.95615417,10268663380.552475,1
246,2021-04-07T15:00:00+09:00,26.3,27.0,23.1,23.2,874252407.2084377,21827903341.136482,0
247,2021-04-07T16:00:00+09:00,23.2,26.7,17.2,26.6,1616223626.4865682,36171892839.67161,1
248,2021-04-07T17:00:00+09:00,26.6,27.6,23.0,25.6,821620132.0719037,20923587514.431957,1
249,2021-04-07T18:00:00+09:00,25.5,26.2,23.1,24.3,409294513.773948,10074077300.491,0
250,2021-04-07T19:00:00+09:00,24.3,25.3,23.8,24.6,307435296.7386101,7594139850.237981,1
251,2021-04-07T20:00:00+09:00,24.6,25.3,22.2,23.3,402313520.3715993,9504884424.82889,0
252,2021-04-07T21:00:00+09:00,23.3,23.6,20.6,23.5,702024278.9534537,15668743472.75151,0
253,2021-04-07T22:00:00+09:00,23.5,25.2,22.8,24.5,422078749.98672134,10041379936.102692,0
254,2021-04-07T23:00:00+09:00,24.5,25.7,24.0,24.5,420327735.01811343,10414087921.768095,1
255,2021-04-08T00:00:00+09:00,24.5,25.1,24.1,24.3,144968834.1704974,3560489158.1843157,0
256,2021-04-08T01:00:00+09:00,24.2,25.0,24.1,24.8,63223168.22209719,1549044074.9736676,1
257,2021-04-08T02:00:00+09:00,24.8,25.3,24.5,24.7,37287473.62447219,927035768.8437552,1
258,2021-04-08T03:00:00+09:00,24.7,25.0,24.4,24.6,33187247.80699534,818568026.7515085,1
259,2021-04-08T04:00:00+09:00,24.5,24.6,24.1,24.3,26646064.42412376,646759841.1210593,0
260,2021-04-08T05:00:00+09:00,24.3,25.2,24.1,25.0,42434626.92433252,1045971170.2009878,0
261,2021-04-08T06:00:00+09:00,25.0,25.8,24.7,25.7,86921136.93462437,2203172503.115175,0
262,2021-04-08T07:00:00+09:00,25.7,27.2,25.4,26.7,185815332.1499408,4905816216.146577,1
263,2021-04-08T08:00:00+09:00,26.7,26.8,24.7,25.0,225286684.3148641,5783712892.800901,0
264,2021-04-08T09:00:00+09:00,25.0,29.4,24.7,27.0,916176801.7417631,24963248502.385994,0
265,2021-04-08T10:00:00+09:00,27.1,27.9,26.2,27.7,284345124.5197366,7722303245.372716,1
266,2021-04-08T11:00:00+09:00,27.7,28.3,26.6,26.7,317082281.96645707,8765907133.943386,1
267,2021-04-08T12:00:00+09:00,26.8,27.2,25.1,26.5,412437999.5633233,10814746573.984497,0
268,2021-04-08T13:00:00+09:00,26.4,27.2,26.3,27.0,135056017.26762736,3621208695.811154,1
269,2021-04-08T14:00:00+09:00,27.0,27.7,26.4,26.8,203334643.9211426,5507325968.61712,0
270,2021-04-08T15:00:00+09:00,26.8,27.6,26.7,27.3,111680960.56114239,3035496105.2085547,0
271,2021-04-08T16:00:00+09:00,27.4,29.0,27.3,28.4,217897488.29130825,6140967999.080864,0
272,2021-04-08T17:00:00+09:00,28.4,29.4,27.9,28.5,322307354.441864,9268777125.651474,0
273,2021-04-08T18:00:00+09:00,28.6,29.3,28.0,29.1,138817178.56771612,3968466417.847086,0
274,2021-04-08T19:00:00+09:00,29.2,29.6,28.3,29.1,222362559.47595313,6432527576.470535,0
275,2021-04-08T20:00:00+09:00,29.1,30.8,28.9,30.7,458999926.86086434,13742955640.255285,1
276,2021-04-08T21:00:00+09:00,30.6,32.7,29.5,30.3,1003215414.0196931,31290830170.792744,0
277,2021-04-08T22:00:00+09:00,30.4,31.3,30.2,30.4,236021400.62548122,7238793698.88595,1
278,2021-04-08T23:00:00+09:00,30.3,30.6,29.7,29.7,193500824.06565037,5842137373.793868,0
279,2021-04-09T00:00:00+09:00,29.7,30.5,29.6,30.2,123499446.69395006,3705908184.9110594,0
280,2021-04-09T01:00:00+09:00,30.2,31.4,30.0,31.3,74445156.24048945,2284476977.650657,0
281,2021-04-09T02:00:00+09:00,31.3,32.2,30.5,31.8,110334966.99171743,3474594949.5940714,1
282,2021-04-09T03:00:00+09:00,31.8,32.0,31.0,31.3,40378899.71946939,1268587691.1035304,0
283,2021-04-09T04:00:00+09:00,31.3,32.5,31.1,32.5,69621384.52444686,2225413963.1029286,0
284,2021-04-09T05:00:00+09:00,32.5,33.0,31.7,32.6,98639733.78655842,3205393662.5829225,0
285,2021-04-09T06:00:00+09:00,32.7,33.2,31.7,32.7,158119094.03053474,5136347521.328281,1
286,2021-04-09T07:00:00+09:00,32.6,33.0,32.0,32.3,149904927.1462086,4867729515.563136,0
287,2021-04-09T08:00:00+09:00,32.2,33.2,32.1,32.6,200109737.38529116,6539710277.37078,0
288,2021-04-09T09:00:00+09:00,32.5,35.0,31.0,34.2,692266461.2651094,23197661935.769,1
289,2021-04-09T10:00:00+09:00,34.2,34.6,32.1,32.8,439259144.8409422,14603101306.228287,0
290,2021-04-09T11:00:00+09:00,32.8,34.3,32.7,33.5,161825552.4150171,5435657123.291454,0
291,2021-04-09T12:00:00+09:00,33.5,34.5,33.5,33.9,111551287.64552721,3801465541.5881557,0
292,2021-04-09T13:00:00+09:00,33.9,34.5,33.3,34.3,120137257.97639424,4070548391.797303,1
293,2021-04-09T14:00:00+09:00,34.4,34.4,33.7,33.8,96585810.248128,3283717931.8431196,1
294,2021-04-09T15:00:00+09:00,33.7,33.9,33.1,33.2,118832698.4387941,3992018249.834755,1
295,2021-04-09T16:00:00+09:00,33.3,33.3,32.7,32.8,159467770.25532725,5259154556.132376,1
296,2021-04-09T17:00:00+09:00,32.8,32.9,30.1,31.2,576777971.616729,18154807534.838657,0
297,2021-04-09T18:00:00+09:00,31.2,32.4,31.0,32.3,255206181.07231686,8093463145.433145,0
298,2021-04-09T19:00:00+09:00,32.2,33.4,32.0,32.8,234132913.32481834,7663419510.267388,1
299,2021-04-09T20:00:00+09:00,32.8,32.9,32.0,32.2,170121310.01192307,5494461852.982132,0
300,2021-04-09T21:00:00+09:00,32.2,33.1,32.2,32.8,144969326.56129324,4741949490.813254,1
301,2021-04-09T22:00:00+09:00,32.7,33.8,32.6,32.7,194302773.08038065,6427723902.9577,1
302,2021-04-09T23:00:00+09:00,32.7,32.9,32.2,32.6,202169296.8456964,6581665301.885195,0
303,2021-04-10T00:00:00+09:00,32.5,33.4,32.3,33.1,154476566.34646517,5085772666.227834,0
304,2021-04-10T01:00:00+09:00,33.1,33.3,32.6,33.1,72635041.14049213,2390215803.8335543,0
305,2021-04-10T02:00:00+09:00,33.1,33.3,33.0,33.1,31063749.10215824,1028958173.0162281,0
306,2021-04-10T03:00:00+09:00,33.0,33.4,33.0,33.4,23276652.03557121,771371845.3563579,1
307,2021-04-10T04:00:00+09:00,33.3,33.5,33.2,33.3,21322921.97880522,710712714.2263899,1
308,2021-04-10T05:00:00+09:00,33.3,33.5,33.1,33.1,29225888.46462426,974025396.2302107,0
309,2021-04-10T06:00:00+09:00,33.2,33.9,33.1,33.8,55727541.5921522,1868998503.5645304,1
310,2021-04-10T07:00:00+09:00,33.9,33.9,33.0,33.3,106862000.49445432,3571118577.1649966,0
311,2021-04-10T08:00:00+09:00,33.2,34.3,33.1,33.8,140259840.64065102,4709058846.46493,1
312,2021-04-10T09:00:00+09:00,33.9,34.2,32.5,32.9,330418575.4084897,10926829936.950138,1
313,2021-04-10T10:00:00+09:00,33.0,33.3,32.3,32.4,176897318.7316014,5788156095.940957,0
314,2021-04-10T11:00:00+09:00,32.4,32.7,32.1,32.4,119702296.15377086,3869238550.412414,0
315,2021-04-10T12:00:00+09:00,32.3,32.8,32.3,32.4,88072142.601119,2863122424.398588,1
316,2021-04-10T13:00:00+09:00,32.5,32.5,30.5,31.2,352147573.689513,11070401478.025919,0
317,2021-04-10T14:00:00+09:00,31.3,31.9,30.8,31.8,147048236.39973015,4613136700.020548,1
318,2021-04-10T15:00:00+09:00,31.8,31.9,31.4,31.5,82925494.7565998,2619560774.1416144,1
319,2021-04-10T16:00:00+09:00,31.4,31.5,30.5,31.0,162324953.2345235,5027396844.480475,0
320,2021-04-10T17:00:00+09:00,31.1,31.4,30.8,31.0,87171087.1101775,2709427625.499075,0
321,2021-04-10T18:00:00+09:00,31.0,31.5,30.9,31.5,55217013.80943438,1718896417.463022,1
322,2021-04-10T19:00:00+09:00,31.5,31.5,31.1,31.4,50171642.87518387,1570988417.8283865,1
323,2021-04-10T20:00:00+09:00,31.3,31.5,31.1,31.3,53841416.16366206,1683865690.9973571,0
324,2021-04-10T21:00:00+09:00,31.3,31.7,31.2,31.3,63632264.34091174,2004273254.6731727,1
325,2021-04-10T22:00:00+09:00,31.3,31.4,30.6,30.7,140352807.08941737,4338614270.553155,0
326,2021-04-10T23:00:00+09:00,30.7,31.3,30.6,31.0,70523387.98855299,2177892515.839973,1
327,2021-04-11T00:00:00+09:00,31.0,31.2,30.6,30.6,61261811.7672399,1885984377.6229317,0
328,2021-04-11T01:00:00+09:00,30.6,30.7,30.1,30.6,100957604.861342,3066089971.0002694,0
329,2021-04-11T02:00:00+09:00,30.5,30.9,30.5,30.7,30273286.15106233,929335042.2823473,1
330,2021-04-11T03:00:00+09:00,30.7,30.8,30.3,30.6,17841352.77015959,545221475.2349031,1
331,2021-04-11T04:00:00+09:00,30.7,30.9,30.3,30.5,17656088.64790224,540063859.2846925,1
332,2021-04-11T05:00:00+09:00,30.5,30.5,30.2,30.3,23539860.87988725,714113168.2632318,0
333,2021-04-11T06:00:00+09:00,30.3,30.9,30.2,30.8,32963469.21843424,1004223568.4766014,0
334,2021-04-11T07:00:00+09:00,30.9,31.5,30.6,31.1,68196447.55318624,2118576058.841436,0
335,2021-04-11T08:00:00+09:00,30.9,31.7,30.8,31.5,92614976.76609409,2890607395.7799444,1
336,2021-04-11T09:00:00+09:00,31.5,31.5,28.5,29.2,439466057.9918849,13078420180.123503,0
337,2021-04-11T10:00:00+09:00,29.2,29.5,28.5,29.3,189070945.12789854,5477547172.167315,1
338,2021-04-11T11:00:00+09:00,29.3,29.4,27.9,28.4,193329478.6363667,5522035115.055995,0
339,2021-04-11T12:00:00+09:00,28.3,28.9,28.2,28.8,92357486.80902451,2633792883.330364,1
340,2021-04-11T13:00:00+09:00,28.7,29.0,28.2,28.4,97277066.58235325,2777528872.751064,1
341,2021-04-11T14:00:00+09:00,28.4,28.4,27.1,27.5,229484151.26049024,6346833890.866678,1
342,2021-04-11T15:00:00+09:00,27.6,28.1,25.2,27.4,483449050.9392854,12958651358.682611,0
343,2021-04-11T16:00:00+09:00,27.5,28.5,27.4,28.0,151126782.30667284,4236975779.439543,0
344,2021-04-11T17:00:00+09:00,28.1,29.1,28.0,28.5,149465050.9947652,4286944044.6881814,1
345,2021-04-11T18:00:00+09:00,28.6,28.9,28.0,28.3,95870346.65432347,2725963925.8520336,0
346,2021-04-11T19:00:00+09:00,28.3,28.7,28.3,28.4,61727240.73143726,1760537580.0171282,0
347,2021-04-11T20:00:00+09:00,28.4,29.5,28.4,29.3,100990742.57604155,2918273750.490406,1
348,2021-04-11T21:00:00+09:00,29.3,29.7,28.7,28.8,88271356.81620976,2580110035.796326,0
349,2021-04-11T22:00:00+09:00,28.8,29.4,28.5,28.8,115852539.71447992,3342735525.3303823,0
350,2021-04-11T23:00:00+09:00,28.7,29.1,28.6,29.1,48201675.94220615,1390965581.434309,0
351,2021-04-12T00:00:00+09:00,29.1,29.6,29.0,29.5,49322778.19073415,1444576509.3385243,0
352,2021-04-12T01:00:00+09:00,29.5,30.2,29.4,30.0,50674332.69297906,1509971151.7973976,1
353,2021-04-12T02:00:00+09:00,30.0,30.0,29.5,29.7,28283302.012193,840910111.2190403,0
354,2021-04-12T03:00:00+09:00,29.7,30.1,29.6,29.9,11472974.49907943,343177961.0507826,0
355,2021-04-12T04:00:00+09:00,30.0,30.6,30.0,30.0,23729864.65673257,719727460.8299459,0
356,2021-04-12T05:00:00+09:00,30.1,30.5,29.9,30.3,15155943.30688087,458141321.79603636,0
357,2021-04-12T06:00:00+09:00,30.4,30.9,30.2,30.8,50377472.15550112,1538291508.8163328,1
358,2021-04-12T07:00:00+09:00,30.7,30.9,30.3,30.6,80536650.15338168,2465478554.0762177,1
359,2021-04-12T08:00:00+09:00,30.6,30.9,30.0,30.1,96642780.84264828,2949084052.6687117,1
360,2021-04-12T09:00:00+09:00,30.2,30.6,28.6,29.1,285096039.1594484,8379127416.651489,1
361,2021-04-12T10:00:00+09:00,29.0,29.4,28.7,28.7,110257313.12034808,3203090153.026014,1
362,2021-04-12T11:00:00+09:00,28.8,28.8,27.6,27.9,185135869.0882402,5230599410.896526,0
363,2021-04-12T12:00:00+09:00,27.9,28.5,27.7,28.4,80053368.42185237,2260327474.975316,1
364,2021-04-12T13:00:00+09:00,28.4,28.8,28.0,28.2,84385438.3699775,2396107819.3949647,0
365,2021-04-12T14:00:00+09:00,28.2,28.3,28.0,28.2,58153936.11460082,1636996098.8862352,0
366,2021-04-12T15:00:00+09:00,28.2,28.7,28.0,28.5,91642182.6139405,2586603926.901701,1
367,2021-04-12T16:00:00+09:00,28.6,29.0,28.1,28.4,125700088.81760491,3590795843.6203055,0
368,2021-04-12T17:00:00+09:00,28.4,28.8,28.4,28.7,58697500.72742707,1677299922.44789,1
369,2021-04-12T18:00:00+09:00,28.7,28.9,28.0,28.2,95641709.92747955,2715558100.066835,0
370,2021-04-12T19:00:00+09:00,28.2,28.4,28.0,28.2,88012477.20145173,2481517051.977991,0
371,2021-04-12T20:00:00+09:00,28.3,28.4,28.1,28.3,45544676.375671,1286814283.3767688,0
372,2021-04-12T21:00:00+09:00,28.3,28.8,28.3,28.6,74044748.32982111,2109718698.485358,1
373,2021-04-12T22:00:00+09:00,28.6,28.6,28.3,28.4,53075406.88196947,1508865556.7518423,0
374,2021-04-12T23:00:00+09:00,28.4,28.6,28.3,28.5,38312866.57391734,1089476930.7864451,1
375,2021-04-13T00:00:00+09:00,28.5,28.5,28.3,28.4,26810485.197901,761295073.1533927,1
376,2021-04-13T01:00:00+09:00,28.4,28.5,28.3,28.3,13224976.65908995,375281212.8731808,0
377,2021-04-13T02:00:00+09:00,28.3,28.5,28.3,28.4,9592429.37279687,271993898.0232155,0
378,2021-04-13T03:00:00+09:00,28.3,28.5,28.3,28.4,5002929.633265,141907235.68507507,1
379,2021-04-13T04:00:00+09:00,28.4,28.4,28.3,28.3,9579581.03457215,271347825.1365756,0
380,2021-04-13T05:00:00+09:00,28.3,28.5,28.2,28.4,12125631.6602498,343510534.6277566,0
381,2021-04-13T06:00:00+09:00,28.4,28.7,28.3,28.6,29466565.33355154,838601112.7284477,1
382,2021-04-13T07:00:00+09:00,28.6,29.2,28.4,28.5,52102860.85468075,1498005913.6373034,0
383,2021-04-13T08:00:00+09:00,28.7,29.2,28.5,29.0,103117329.13267706,2973279834.6729765,1
384,2021-04-13T09:00:00+09:00,29.0,29.1,28.0,28.5,211817177.1471996,6022548937.639877,0
385,2021-04-13T10:00:00+09:00,28.5,29.7,28.1,29.0,251757653.71420532,7257934579.610289,0
386,2021-04-13T11:00:00+09:00,29.0,30.4,29.0,29.9,331628444.25850976,9902344406.142437,1
387,2021-04-13T12:00:00+09:00,29.9,30.0,29.0,29.1,140270268.3173356,4131232003.939579,0
388,2021-04-13T13:00:00+09:00,29.1,29.4,28.7,29.3,86159584.97625105,2496233899.5869527,1
389,2021-04-13T14:00:00+09:00,29.3,29.4,28.6,28.7,92161808.86410753,2664145977.467305,1
390,2021-04-13T15:00:00+09:00,28.7,28.9,28.4,28.5,121117168.44033684,3460103366.735606,1
391,2021-04-13T16:00:00+09:00,28.5,28.5,27.7,28.4,149797697.41375026,4214191658.61331,1
392,2021-04-13T17:00:00+09:00,28.3,28.4,27.1,28.2,201230567.8290971,5548530253.08856,1
393,2021-04-13T18:00:00+09:00,28.2,28.2,27.7,27.8,85883349.7123421,2393712978.9279914,0
394,2021-04-13T19:00:00+09:00,27.8,27.9,27.5,27.9,94403754.93447784,2611159346.4910803,1
395,2021-04-13T20:00:00+09:00,27.9,27.9,27.5,27.5,71617925.25211167,1982461028.9537892,0
396,2021-04-13T21:00:00+09:00,27.5,28.0,27.4,27.8,123669128.92676249,3425925796.6148825,0
397,2021-04-13T22:00:00+09:00,27.8,28.7,27.6,28.3,155725891.00515994,4376889888.0356655,1
398,2021-04-13T23:00:00+09:00,28.2,28.4,28.0,28.1,55064959.04630645,1553549774.043492,0
399,2021-04-14T00:00:00+09:00,28.1,28.6,28.0,28.1,49009720.94486079,1386920793.5741,1
