Time,OpeningPrice,HighPrice,LowPrice,TradePrice,CandleAccTradeVolume,candleAccTradePrice,up
2021-03-28T10:00:00+09:00,199.0,200.0,198.0,200.0,2585955.63637926,515075756.46483725,1
2021-03-28T11:00:00+09:00,199.0,204.0,199.0,203.0,4610519.35927745,927896632.8552631,0
2021-03-28T12:00:00+09:00,203.0,206.0,201.0,204.0,2505421.77614694,509656945.95371896,0
2021-03-28T13:00:00+09:00,204.0,204.0,202.0,203.0,2207453.4921402,447558477.5771877,0
2021-03-28T14:00:00+09:00,202.0,203.0,200.0,202.0,2524978.04007284,508694158.1958722,0
2021-03-28T15:00:00+09:00,202.0,204.0,201.0,202.0,2699844.92204849,544899734.9319581,0
2021-03-28T16:00:00+09:00,201.0,203.0,201.0,202.0,1537493.90582993,310619864.9943566,1
2021-03-28T17:00:00+09:00,202.0,208.0,202.0,207.0,4200238.30496946,862601257.0423323,0
2021-03-28T18:00:00+09:00,207.0,210.0,203.0,204.0,4742444.90774952,981669708.9681613,0
2021-03-28T19:00:00+09:00,205.0,205.0,201.0,203.0,3918062.40487917,794438157.6352018,0
2021-03-28T20:00:00+09:00,203.0,204.0,201.0,202.0,1994243.68886944,403512225.47110265,0
2021-03-28T21:00:00+09:00,202.0,205.0,199.0,204.0,7325245.41368485,1479948668.6837544,0
2021-03-28T22:00:00+09:00,203.0,206.0,203.0,204.0,3593019.2033729,734918066.0364826,0
2021-03-28T23:00:00+09:00,204.0,206.0,203.0,205.0,3229068.3722248,657894774.9547874,0
2021-03-29T00:00:00+09:00,205.0,208.0,203.0,206.0,3225486.75890324,663224141.9084855,0
2021-03-29T01:00:00+09:00,207.0,208.0,204.0,205.0,4637736.02368301,954516999.7339339,0
2021-03-29T02:00:00+09:00,205.0,206.0,204.0,205.0,2005159.82238387,411377112.4024993,0
2021-03-29T03:00:00+09:00,205.0,206.0,202.0,202.0,1828735.03049162,372217670.1359214,0
2021-03-29T04:00:00+09:00,202.0,206.0,200.0,204.0,2052336.22247985,415825452.466095,0
2021-03-29T05:00:00+09:00,204.0,204.0,202.0,203.0,478889.46916424,97295947.34561948,1
2021-03-29T06:00:00+09:00,203.0,207.0,202.0,207.0,1814698.2939303,370761812.87653714,0
2021-03-29T07:00:00+09:00,206.0,208.0,205.0,207.0,2410167.69649517,497651873.35982734,0
2021-03-29T08:00:00+09:00,207.0,209.0,206.0,207.0,2285680.77437956,473912096.7506062,0
2021-03-29T09:00:00+09:00,207.0,212.0,204.0,208.0,8037637.43442763,1673931835.8823102,0
2021-03-29T10:00:00+09:00,209.0,212.0,207.0,210.0,3647119.48729691,762524885.1100531,1
2021-03-29T11:00:00+09:00,211.0,216.0,210.0,214.0,9280798.00670238,1982303074.202989,0
2021-03-29T12:00:00+09:00,215.0,216.0,211.0,215.0,4692608.93225561,1002088925.08577,0
2021-03-29T13:00:00+09:00,215.0,217.0,213.0,214.0,4189857.75103299,899084309.1521266,0
2021-03-29T14:00:00+09:00,214.0,215.0,211.0,212.0,4642781.63933355,986493413.5530628,0
2021-03-29T15:00:00+09:00,212.0,215.0,211.0,214.0,4461350.46844649,948160014.8209611,0
2021-03-29T16:00:00+09:00,214.0,216.0,212.0,216.0,2660536.44757655,570035262.2541571,0
2021-03-29T17:00:00+09:00,216.0,216.0,213.0,214.0,2302297.49074335,492617222.7307569,0
2021-03-29T18:00:00+09:00,214.0,215.0,212.0,212.0,3154218.16311368,671581509.5906948,0
2021-03-29T19:00:00+09:00,213.0,214.0,211.0,212.0,3412973.62441578,725581463.1443925,0
2021-03-29T20:00:00+09:00,213.0,213.0,211.0,211.0,2144565.58961714,453808505.17595977,0
2021-03-29T21:00:00+09:00,212.0,214.0,211.0,212.0,2793457.17414665,592343873.3127102,0
2021-03-29T22:00:00+09:00,213.0,214.0,212.0,213.0,2789770.61559786,594320040.8763561,0
2021-03-29T23:00:00+09:00,213.0,213.0,210.0,211.0,3607037.44916633,762817939.1505408,0
2021-03-30T00:00:00+09:00,211.0,212.0,207.0,210.0,4229971.93008729,886999965.0665016,0
2021-03-30T01:00:00+09:00,211.0,211.0,208.0,210.0,1362209.74618249,285479319.01993984,0
2021-03-30T02:00:00+09:00,210.0,211.0,209.0,209.0,1736437.32682269,364498933.62130064,0
2021-03-30T03:00:00+09:00,209.0,212.0,209.0,211.0,2599910.63181159,546491744.9961303,0
2021-03-30T04:00:00+09:00,211.0,211.0,208.0,209.0,1162368.64550314,243445679.8581426,0
2021-03-30T05:00:00+09:00,209.0,210.0,207.0,207.0,2126632.43307439,442942704.3844063,0
2021-03-30T06:00:00+09:00,208.0,210.0,207.0,209.0,2613404.482862,544948412.7084911,1
2021-03-30T07:00:00+09:00,209.0,213.0,209.0,212.0,2184263.60219495,460762850.0697868,0
2021-03-30T08:00:00+09:00,213.0,214.0,210.0,212.0,2983371.55368194,632614271.3660969,0
2021-03-30T09:00:00+09:00,212.0,215.0,210.0,213.0,3930627.93855675,835306008.5208203,0
2021-03-30T10:00:00+09:00,213.0,214.0,211.0,212.0,3682390.70716759,782530311.5531924,0
2021-03-30T11:00:00+09:00,211.0,212.0,210.0,210.0,1979515.72157985,417265769.9299237,0
2021-03-30T12:00:00+09:00,210.0,211.0,209.0,210.0,4583157.02856005,962318435.6359218,0
2021-03-30T13:00:00+09:00,211.0,211.0,209.0,210.0,2289860.5577719,481007493.5340493,0
2021-03-30T14:00:00+09:00,210.0,213.0,210.0,212.0,3356476.47929326,708617421.9397516,0
2021-03-30T15:00:00+09:00,212.0,214.0,212.0,213.0,3403647.70065978,723255808.7028044,1
2021-03-30T16:00:00+09:00,212.0,219.0,212.0,217.0,5978185.76232104,1290405975.8830974,0
2021-03-30T17:00:00+09:00,218.0,218.0,212.0,215.0,6817346.37157174,1464459385.865011,0
2021-03-30T18:00:00+09:00,214.0,217.0,213.0,217.0,4356485.37321403,935991214.0784911,0
2021-03-30T19:00:00+09:00,216.0,217.0,212.0,213.0,4649245.15170207,996913363.9030756,0
2021-03-30T20:00:00+09:00,214.0,216.0,213.0,215.0,2959147.39086664,635641042.7590388,0
2021-03-30T21:00:00+09:00,215.0,215.0,213.0,214.0,3368028.80738514,720540465.5076748,0
2021-03-30T22:00:00+09:00,214.0,215.0,212.0,215.0,3319159.59368558,709834165.9296858,1
2021-03-30T23:00:00+09:00,215.0,223.0,213.0,219.0,13615797.73006583,2962817126.0470476,0
2021-03-31T00:00:00+09:00,220.0,221.0,216.0,217.0,4601629.67418866,1005866982.7117813,0
2021-03-31T01:00:00+09:00,217.0,221.0,217.0,219.0,3330706.01242632,730116233.1918812,0
2021-03-31T02:00:00+09:00,219.0,225.0,219.0,221.0,2199007.69482501,488032259.39425206,0
2021-03-31T03:00:00+09:00,221.0,223.0,219.0,220.0,1757800.26149949,388330637.49471426,0
2021-03-31T04:00:00+09:00,219.0,224.0,219.0,222.0,904955.86169901,200200997.67854404,0
2021-03-31T05:00:00+09:00,223.0,228.0,221.0,223.0,4261601.66364712,953387942.6821668,0
2021-03-31T06:00:00+09:00,223.0,224.0,220.0,223.0,1943673.01667065,431729864.2155197,0
2021-03-31T07:00:00+09:00,224.0,224.0,222.0,222.0,2206117.90379892,491917091.1064286,0
2021-03-31T08:00:00+09:00,223.0,223.0,220.0,222.0,2886313.51818018,639862830.8710217,0
2021-03-31T09:00:00+09:00,221.0,228.0,220.0,223.0,18815229.56494442,4227425771.618773,0
2021-03-31T10:00:00+09:00,223.0,225.0,222.0,224.0,4551383.50112846,1015853024.2868474,0
2021-03-31T11:00:00+09:00,223.0,225.0,222.0,223.0,3442504.46950703,769268555.9194632,0
2021-03-31T12:00:00+09:00,223.0,223.0,205.0,214.0,16103355.14205095,3449285665.9956794,0
2021-03-31T13:00:00+09:00,214.0,217.0,212.0,215.0,4374668.83419532,938893444.5839677,1
2021-03-31T14:00:00+09:00,215.0,219.0,214.0,218.0,2223129.62406508,480841769.9608759,0
2021-03-31T15:00:00+09:00,217.0,219.0,216.0,218.0,3030405.60349796,658475263.2363648,0
2021-03-31T16:00:00+09:00,217.0,218.0,209.0,214.0,4453897.34998688,953142605.7532847,0
2021-03-31T17:00:00+09:00,213.0,214.0,206.0,210.0,5376190.27322784,1126054170.8584368,0
2021-03-31T18:00:00+09:00,210.0,212.0,207.0,209.0,8419215.07915626,1766859192.6643803,0
2021-03-31T19:00:00+09:00,208.0,210.0,206.0,210.0,2890734.4654939,601921767.7879361,0
2021-03-31T20:00:00+09:00,209.0,212.0,209.0,212.0,2155504.11076116,454360208.62724364,0
2021-03-31T21:00:00+09:00,212.0,213.0,209.0,213.0,2584983.81660431,546461689.4974197,0
2021-03-31T22:00:00+09:00,212.0,220.0,212.0,215.0,14820151.81916198,3205235000.55067,1
2021-03-31T23:00:00+09:00,216.0,226.0,215.0,219.0,12008166.07033711,2617181994.148098,0
2021-04-01T00:00:00+09:00,219.0,220.0,215.0,216.0,3803753.30806589,826504255.3565187,0
2021-04-01T01:00:00+09:00,217.0,219.0,215.0,215.0,4127962.71382961,894839577.5379791,0
2021-04-01T02:00:00+09:00,215.0,216.0,213.0,215.0,1313192.46030271,281989190.25978535,0
2021-04-01T03:00:00+09:00,215.0,215.0,215.0,215.0,46.5116279,9999.9999985,0
2021-04-01T04:00:00+09:00,215.0,215.0,212.0,212.0,653209.57877601,139142652.33271486,1
2021-04-01T05:00:00+09:00,213.0,219.0,212.0,215.0,1750985.66033111,376600131.6471323,0
2021-04-01T06:00:00+09:00,216.0,217.0,214.0,216.0,1684452.2549078,362863167.1260193,0
2021-04-01T07:00:00+09:00,216.0,216.0,214.0,215.0,3307303.36007112,711150111.4574668,0
2021-04-01T08:00:00+09:00,215.0,216.0,213.0,215.0,4622394.82000077,991435964.7016569,0
2021-04-01T09:00:00+09:00,215.0,223.0,215.0,217.0,14781069.98993192,3234810426.958985,0
2021-04-01T10:00:00+09:00,217.0,219.0,211.0,215.0,10031333.37315368,2155066984.5447664,1
2021-04-01T11:00:00+09:00,216.0,218.0,215.0,218.0,5171299.28050809,1118305837.5339968,0
2021-04-01T12:00:00+09:00,217.0,218.0,216.0,216.0,4550667.67319792,987668359.5832123,0
2021-04-01T13:00:00+09:00,216.0,219.0,215.0,218.0,5718477.55054274,1240281841.8520622,0
2021-04-01T14:00:00+09:00,218.0,218.0,216.0,217.0,3784147.95266095,821428789.3110821,0
2021-04-01T15:00:00+09:00,216.0,220.0,216.0,218.0,3416840.51864041,746065437.5958881,0
2021-04-01T16:00:00+09:00,219.0,220.0,216.0,220.0,3009132.40103128,655416559.9683318,0
2021-04-01T17:00:00+09:00,219.0,222.0,217.0,219.0,4299059.65503883,944311354.2713398,0
2021-04-01T18:00:00+09:00,219.0,220.0,217.0,219.0,3650330.8131906,797996768.3528804,0
2021-04-01T19:00:00+09:00,220.0,220.0,216.0,217.0,4910397.20171522,1070364934.4696008,0
2021-04-01T20:00:00+09:00,217.0,217.0,210.0,216.0,7294297.03673293,1559763070.489681,0
2021-04-01T21:00:00+09:00,215.0,218.0,214.0,218.0,3659319.92558841,792341618.5955018,0
2021-04-01T22:00:00+09:00,217.0,219.0,216.0,218.0,3349672.98689995,728332279.2748353,0
2021-04-01T23:00:00+09:00,217.0,219.0,217.0,218.0,3578049.57258216,779832750.2964225,0
2021-04-02T00:00:00+09:00,218.0,220.0,217.0,218.0,2581243.60276612,564091673.6665306,0
2021-04-02T01:00:00+09:00,219.0,219.0,217.0,218.0,1836490.75124551,400563735.87528616,0
2021-04-02T02:00:00+09:00,218.0,219.0,215.0,216.0,2329777.31577059,506534096.3630982,1
2021-04-02T03:00:00+09:00,217.0,223.0,214.0,220.0,8624849.33868143,1885149561.1475859,0
2021-04-02T04:00:00+09:00,220.0,221.0,218.0,220.0,3003492.70607666,659854967.2610536,0
2021-04-02T05:00:00+09:00,220.0,220.0,218.0,218.0,1925364.54732617,422079869.02754474,0
2021-04-02T06:00:00+09:00,218.0,220.0,217.0,218.0,2267124.45704104,495114169.5387904,0
2021-04-02T07:00:00+09:00,219.0,220.0,217.0,218.0,3498967.75841719,764139852.5149223,0
2021-04-02T08:00:00+09:00,218.0,222.0,218.0,220.0,5494422.47606127,1210305140.604115,0
2021-04-02T09:00:00+09:00,220.0,222.0,215.0,218.0,11286148.07656133,2468629666.6609735,1
2021-04-02T10:00:00+09:00,218.0,225.0,217.0,225.0,8113276.45017446,1796280450.5773375,0
2021-04-02T11:00:00+09:00,224.0,225.0,221.0,223.0,8533554.04603967,1903468645.8340223,0
2021-04-02T12:00:00+09:00,223.0,224.0,222.0,223.0,5505314.27473848,1228766709.1762505,0
2021-04-02T13:00:00+09:00,223.0,228.0,222.0,225.0,6855631.20567853,1539181783.240283,0
2021-04-02T14:00:00+09:00,226.0,227.0,224.0,225.0,5389869.23147993,1216443509.6213186,0
2021-04-02T15:00:00+09:00,226.0,227.0,223.0,225.0,4812841.60977258,1083172383.282721,0
2021-04-02T16:00:00+09:00,225.0,227.0,224.0,225.0,3909828.56552731,881487371.5064806,1
2021-04-02T17:00:00+09:00,225.0,231.0,225.0,229.0,8630585.87607236,1969602900.0992596,0
2021-04-02T18:00:00+09:00,230.0,231.0,226.0,229.0,5892389.73579387,1345670339.546444,0
2021-04-02T19:00:00+09:00,230.0,232.0,228.0,229.0,4786370.82890665,1100112734.3687289,1
2021-04-02T20:00:00+09:00,230.0,237.0,229.0,236.0,13217982.22212493,3092524244.4051948,1
2021-04-02T21:00:00+09:00,236.0,244.0,232.0,242.0,18074340.21462749,4284629939.5059385,0
2021-04-02T22:00:00+09:00,244.0,244.0,229.0,234.0,27073705.0504569,6381711865.312806,1
2021-04-02T23:00:00+09:00,234.0,248.0,233.0,247.0,17116967.74342704,4115493324.42992,1
2021-04-03T00:00:00+09:00,247.0,250.0,240.0,250.0,11398199.78942536,2790154401.0200014,1
2021-04-03T01:00:00+09:00,249.0,284.0,246.0,258.0,64107905.45934335,16967807016.422607,0
2021-04-03T02:00:00+09:00,258.0,261.0,253.0,259.0,8643378.51466817,2219449864.580634,0
2021-04-03T03:00:00+09:00,259.0,268.0,257.0,259.0,7400203.02573261,1934072722.3141127,0
2021-04-03T04:00:00+09:00,259.0,259.0,252.0,256.0,3522636.12576516,899108386.0389748,0
2021-04-03T05:00:00+09:00,256.0,257.0,247.0,249.0,5520501.57948063,1389201286.392804,1
2021-04-03T06:00:00+09:00,249.0,255.0,249.0,252.0,3659371.93877456,922189262.3745936,0
2021-04-03T07:00:00+09:00,252.0,254.0,248.0,249.0,4250849.63123195,1067331953.5676262,1
2021-04-03T08:00:00+09:00,249.0,254.0,249.0,254.0,6873254.25848697,1724022918.476937,1
2021-04-03T09:00:00+09:00,252.0,262.0,252.0,257.0,19606780.17642445,5049221939.11891,0
2021-04-03T10:00:00+09:00,257.0,261.0,241.0,250.0,18565677.24760837,4699855803.392798,0
2021-04-03T11:00:00+09:00,251.0,251.0,247.0,249.0,6042492.74167956,1502494079.4460127,0
2021-04-03T12:00:00+09:00,248.0,249.0,244.0,247.0,5421418.67685765,1334472116.8214605,0
2021-04-03T13:00:00+09:00,247.0,249.0,244.0,248.0,2750218.36163101,678440149.2834607,0
2021-04-03T14:00:00+09:00,248.0,250.0,246.0,249.0,3559707.83711633,884683962.3105601,1
2021-04-03T15:00:00+09:00,249.0,253.0,248.0,253.0,5103675.931485,1277910545.2330043,0
2021-04-03T16:00:00+09:00,253.0,254.0,246.0,246.0,4278234.63763823,1065556367.1329466,0
2021-04-03T17:00:00+09:00,246.0,249.0,238.0,242.0,7008664.59448194,1701006134.1423037,0
2021-04-03T18:00:00+09:00,242.0,244.0,237.0,243.0,3305680.61264629,795748143.6014819,0
2021-04-03T19:00:00+09:00,243.0,246.0,242.0,245.0,2562013.89482767,625350487.3271804,0
2021-04-03T20:00:00+09:00,244.0,247.0,243.0,244.0,2078632.50931119,509608702.9787797,0
2021-04-03T21:00:00+09:00,244.0,247.0,243.0,246.0,2628813.38742413,642708697.2670406,0
2021-04-03T22:00:00+09:00,247.0,251.0,246.0,246.0,4556470.50688661,1131443091.870532,0
2021-04-03T23:00:00+09:00,247.0,252.0,246.0,246.0,3257811.99803139,810842937.0410157,0
2021-04-04T00:00:00+09:00,247.0,248.0,238.0,238.0,3663206.26219511,890927474.8400474,1
2021-04-04T01:00:00+09:00,238.0,244.0,237.0,241.0,2551011.00696346,614919160.6565051,0
2021-04-04T02:00:00+09:00,241.0,242.0,237.0,238.0,2932319.8202471,702405179.5671566,1
2021-04-04T03:00:00+09:00,238.0,244.0,235.0,243.0,2454469.19185914,585250890.2078329,0
2021-04-04T04:00:00+09:00,243.0,244.0,241.0,244.0,1022603.57531093,248184695.90523762,0
2021-04-04T05:00:00+09:00,244.0,247.0,240.0,241.0,1263120.41085581,307532668.2341654,0
2021-04-04T06:00:00+09:00,241.0,245.0,227.0,233.0,6610328.03912262,1548757537.6468344,0
2021-04-04T07:00:00+09:00,233.0,237.0,224.0,234.0,6520582.48426369,1503193669.8787026,0
2021-04-04T08:00:00+09:00,234.0,236.0,227.0,228.0,4748433.93320515,1101345716.721273,1
2021-04-04T09:00:00+09:00,228.0,240.0,225.0,234.0,7870996.70160048,1845910224.5865,1
2021-04-04T10:00:00+09:00,236.0,244.0,233.0,243.0,4734687.52711221,1129650657.7118013,0
2021-04-04T11:00:00+09:00,243.0,245.0,241.0,243.0,2726090.21579052,663405049.22541,0
2021-04-04T12:00:00+09:00,243.0,243.0,238.0,240.0,3247286.53250471,779860574.0167687,0
2021-04-04T13:00:00+09:00,241.0,242.0,238.0,238.0,2234205.01627571,535533471.8374766,0
2021-04-04T14:00:00+09:00,238.0,242.0,231.0,236.0,3595137.697625,847577230.4519404,0
2021-04-04T15:00:00+09:00,235.0,239.0,231.0,238.0,4685840.4959295,1100800448.5793798,1
2021-04-04T16:00:00+09:00,239.0,241.0,237.0,241.0,1599887.1216971,382149164.0102814,0
2021-04-04T17:00:00+09:00,241.0,243.0,240.0,241.0,2023041.12479141,488455336.7114232,1
2021-04-04T18:00:00+09:00,241.0,246.0,241.0,245.0,2895650.94176104,707209982.8301255,0
2021-04-04T19:00:00+09:00,245.0,249.0,243.0,247.0,3260727.6742301,804522152.0606911,0
2021-04-04T20:00:00+09:00,247.0,248.0,239.0,240.0,4968794.79012962,1210742208.4674547,1
2021-04-04T21:00:00+09:00,241.0,255.0,239.0,251.0,12712300.6516143,3166696327.8940015,1
2021-04-04T22:00:00+09:00,250.0,262.0,248.0,257.0,17027320.5500214,4361228009.985988,1
2021-04-04T23:00:00+09:00,257.0,269.0,256.0,262.0,29984549.56512598,7868641851.175572,0
2021-04-05T00:00:00+09:00,262.0,264.0,257.0,260.0,7294330.83524878,1898692932.365309,0
2021-04-05T01:00:00+09:00,260.0,262.0,255.0,257.0,3450383.08712234,892294133.7571084,1
2021-04-05T02:00:00+09:00,257.0,266.0,257.0,265.0,2323387.05744329,608750475.5617025,0
2021-04-05T03:00:00+09:00,266.0,271.0,263.0,265.0,3202090.70055927,856748468.0004052,1
2021-04-05T04:00:00+09:00,264.0,269.0,262.0,269.0,1363762.00813649,360815208.449834,1
2021-04-05T05:00:00+09:00,270.0,280.0,267.0,272.0,7331905.61882411,2012332651.5395198,1
2021-04-05T06:00:00+09:00,272.0,285.0,270.0,282.0,8274771.02125252,2313598588.5544844,0
2021-04-05T07:00:00+09:00,281.0,282.0,276.0,278.0,4972428.33135469,1385125945.871111,1
2021-04-05T08:00:00+09:00,278.0,284.0,274.0,283.0,6476654.01880935,1800161249.128346,0
2021-04-05T09:00:00+09:00,283.0,287.0,274.0,276.0,12972584.59518164,3647768720.5775566,1
2021-04-05T10:00:00+09:00,276.0,286.0,272.0,285.0,6096341.43442818,1707191238.5906804,1
2021-04-05T11:00:00+09:00,285.0,292.0,281.0,291.0,6814977.50778733,1951272535.9758885,0
2021-04-05T12:00:00+09:00,291.0,295.0,288.0,290.0,6117922.51955034,1785827121.9708843,0
2021-04-05T13:00:00+09:00,290.0,300.0,288.0,291.0,10249918.51435498,3021630285.8517976,0
2021-04-05T14:00:00+09:00,291.0,293.0,282.0,283.0,8186755.5901747,2340645658.1907535,0
2021-04-05T15:00:00+09:00,282.0,285.0,275.0,278.0,8871957.14193267,2477497400.948169,1
2021-04-05T16:00:00+09:00,278.0,284.0,275.0,282.0,3729931.96760461,1045520676.1051137,0
2021-04-05T17:00:00+09:00,281.0,283.0,275.0,280.0,2304190.11145598,643459178.0572951,1
2021-04-05T18:00:00+09:00,280.0,289.0,278.0,287.0,3123994.58391473,888158420.1812477,0
2021-04-05T19:00:00+09:00,288.0,288.0,281.0,285.0,3161590.08721778,896257830.7560415,0
2021-04-05T20:00:00+09:00,286.0,286.0,276.0,276.0,3145001.46126253,885140099.8807516,0
2021-04-05T21:00:00+09:00,277.0,279.0,271.0,273.0,8650756.05489507,2373322963.3004127,1
2021-04-05T22:00:00+09:00,273.0,277.0,271.0,276.0,4186275.22702773,1144534860.4694936,0
2021-04-05T23:00:00+09:00,277.0,282.0,275.0,277.0,3887537.54346162,1079316930.328589,1
2021-04-06T00:00:00+09:00,277.0,283.0,274.0,282.0,3610546.54419895,1004959880.3655387,0
2021-04-06T01:00:00+09:00,283.0,284.0,273.0,275.0,3069465.25822144,849588728.4074625,1
2021-04-06T02:00:00+09:00,276.0,281.0,274.0,280.0,2088600.43814555,577649740.0710306,0
2021-04-06T03:00:00+09:00,281.0,284.0,276.0,277.0,1415837.23479278,397262341.7191708,0
2021-04-06T04:00:00+09:00,276.0,279.0,276.0,277.0,579978.49990592,160933186.76219913,1
2021-04-06T05:00:00+09:00,276.0,285.0,276.0,280.0,1151759.02261088,323766987.5267811,1
2021-04-06T06:00:00+09:00,282.0,287.0,279.0,285.0,2818990.47753701,797897379.89689,0
2021-04-06T07:00:00+09:00,285.0,289.0,282.0,282.0,7189600.87347502,2055335692.2526748,0
2021-04-06T08:00:00+09:00,282.0,284.0,275.0,282.0,4901226.06898245,1369817367.8626688,0
2021-04-06T09:00:00+09:00,282.0,293.0,277.0,282.0,10329856.84759446,2954610383.704507,0
2021-04-06T10:00:00+09:00,280.0,284.0,265.0,277.0,10829077.58927035,2962199223.0769696,1
2021-04-06T11:00:00+09:00,277.0,285.0,276.0,282.0,4780900.00641796,1348195934.448155,1
2021-04-06T12:00:00+09:00,282.0,289.0,280.0,288.0,3321418.20929194,946612144.5837356,0
2021-04-06T13:00:00+09:00,288.0,293.0,286.0,289.0,4448944.54821685,1286941430.315849,1
2021-04-06T14:00:00+09:00,289.0,297.0,286.0,295.0,5690267.5322632,1658529356.6806235,0
2021-04-06T15:00:00+09:00,295.0,299.0,286.0,290.0,8541809.12639585,2491279104.7211185,0
2021-04-06T16:00:00+09:00,290.0,290.0,283.0,284.0,2853589.30324154,817547435.7085488,0
2021-04-06T17:00:00+09:00,284.0,286.0,280.0,283.0,11600740.33432108,3290478777.6883173,1
2021-04-06T18:00:00+09:00,283.0,289.0,282.0,289.0,3831494.39185515,1095747761.4961307,0
2021-04-06T19:00:00+09:00,289.0,289.0,281.0,282.0,6071881.91120377,1726298434.806738,0
2021-04-06T20:00:00+09:00,282.0,284.0,273.0,279.0,9635120.79186721,2673895327.2309637,0
2021-04-06T21:00:00+09:00,280.0,284.0,276.0,277.0,4957008.06863707,1393208070.1690543,0
2021-04-06T22:00:00+09:00,277.0,281.0,273.0,274.0,4084532.55192428,1130110774.1733088,0
2021-04-06T23:00:00+09:00,274.0,275.0,258.0,269.0,9634324.22005186,2573908874.4732647,0
2021-04-07T00:00:00+09:00,269.0,270.0,264.0,266.0,3282208.15603789,876407099.487667,0
2021-04-07T01:00:00+09:00,266.0,271.0,265.0,268.0,1481997.60381919,397632927.840784,0
2021-04-07T02:00:00+09:00,268.0,271.0,266.0,269.0,1177154.39486504,316036692.23936623,0
2021-04-07T03:00:00+09:00,269.0,272.0,267.0,271.0,852248.39113735,229662909.75447324,0
2021-04-07T04:00:00+09:00,269.0,273.0,267.0,271.0,924070.58175216,249463666.3042274,1
2021-04-07T05:00:00+09:00,273.0,276.0,268.0,276.0,1232115.12718879,334072260.2006754,0
2021-04-07T06:00:00+09:00,276.0,277.0,270.0,273.0,2039678.60190856,557078361.6921846,1
2021-04-07T07:00:00+09:00,273.0,280.0,272.0,280.0,2162380.38630929,596492568.8972298,0
2021-04-07T08:00:00+09:00,279.0,281.0,275.0,275.0,2184495.54557825,608060925.5079113,0
2021-04-07T09:00:00+09:00,277.0,280.0,272.0,273.0,6133074.92439555,1689371832.1195006,1
2021-04-07T10:00:00+09:00,272.0,277.0,270.0,276.0,3327907.05848044,910581201.804195,1
2021-04-07T11:00:00+09:00,276.0,282.0,275.0,281.0,1759206.24329605,491681912.3357633,0
2021-04-07T12:00:00+09:00,281.0,282.0,272.0,272.0,3929213.63325684,1087520215.481162,0
2021-04-07T13:00:00+09:00,274.0,275.0,260.0,274.0,10524143.12262852,2818481763.766011,0
2021-04-07T14:00:00+09:00,275.0,277.0,270.0,271.0,4185383.97810749,1147271215.154959,0
2021-04-07T15:00:00+09:00,271.0,272.0,251.0,253.0,12385868.49457939,3234571418.279026,0
2021-04-07T16:00:00+09:00,252.0,255.0,216.0,250.0,13407494.0382847,3170063135.701035,0
2021-04-07T17:00:00+09:00,249.0,260.0,237.0,250.0,6095548.92773119,1519349943.635224,0
2021-04-07T18:00:00+09:00,250.0,254.0,236.0,242.0,4346855.87228502,1052186803.8970805,0
2021-04-07T19:00:00+09:00,242.0,248.0,239.0,240.0,3183617.62224853,775865220.4354923,0
2021-04-07T20:00:00+09:00,240.0,246.0,230.0,233.0,3881918.3211553,917489471.085413,1
2021-04-07T21:00:00+09:00,233.0,239.0,217.0,237.0,9706639.08568595,2211784399.7450123,1
2021-04-07T22:00:00+09:00,238.0,246.0,236.0,242.0,3956971.05682968,952769565.872538,1
2021-04-07T23:00:00+09:00,242.0,252.0,241.0,245.0,4763615.34502673,1177827990.528451,0
2021-04-08T00:00:00+09:00,245.0,251.0,242.0,243.0,2028649.41019944,499368415.37200534,1
2021-04-08T01:00:00+09:00,244.0,249.0,240.0,246.0,1539154.38963871,375891108.1491806,0
2021-04-08T02:00:00+09:00,247.0,249.0,245.0,245.0,1215930.90435939,300677011.7549956,0
2021-04-08T03:00:00+09:00,244.0,249.0,243.0,243.0,646868.76349698,158817114.6626008,0
2021-04-08T04:00:00+09:00,243.0,245.0,239.0,244.0,1033432.51319632,249731857.70880717,0
2021-04-08T05:00:00+09:00,245.0,245.0,239.0,244.0,835817.97061701,202267963.16400886,1
2021-04-08T06:00:00+09:00,243.0,248.0,241.0,247.0,817662.94879795,199903159.7435461,1
2021-04-08T07:00:00+09:00,248.0,256.0,246.0,255.0,2281582.67681353,575809781.171752,0
2021-04-08T08:00:00+09:00,254.0,255.0,248.0,249.0,2635757.43374787,663597901.5414033,1
2021-04-08T09:00:00+09:00,249.0,257.0,238.0,254.0,5188796.36224923,1301037685.4209445,0
2021-04-08T10:00:00+09:00,255.0,257.0,250.0,256.0,2394157.15234389,607448455.524406,0
2021-04-08T11:00:00+09:00,257.0,259.0,250.0,250.0,2903278.60765696,739857054.1258211,0
2021-04-08T12:00:00+09:00,250.0,252.0,243.0,250.0,3812726.75794675,945833580.1463777,0
2021-04-08T13:00:00+09:00,250.0,254.0,248.0,251.0,1057366.37420168,265525816.72672334,0
2021-04-08T14:00:00+09:00,251.0,253.0,247.0,248.0,1116310.53248204,279052811.3493188,1
2021-04-08T15:00:00+09:00,248.0,254.0,247.0,253.0,1191459.62938947,299763824.24815214,1
2021-04-08T16:00:00+09:00,253.0,258.0,251.0,256.0,2487642.49230769,632613097.2321782,0
2021-04-08T17:00:00+09:00,256.0,261.0,253.0,258.0,2692278.42536084,693751131.5779521,0
2021-04-08T18:00:00+09:00,257.0,260.0,255.0,258.0,1937055.09247836,499973660.97721565,0
2021-04-08T19:00:00+09:00,258.0,259.0,253.0,259.0,1896586.90592076,484941765.1985764,1
2021-04-08T20:00:00+09:00,260.0,263.0,257.0,263.0,1537718.26606705,400678463.07836574,0
2021-04-08T21:00:00+09:00,262.0,267.0,262.0,265.0,2843039.46958348,753146375.9779223,0
2021-04-08T22:00:00+09:00,266.0,269.0,264.0,265.0,1758498.30901158,469232241.39984167,0
2021-04-08T23:00:00+09:00,265.0,269.0,264.0,267.0,3560998.18584263,948340080.3491365,0
2021-04-09T00:00:00+09:00,266.0,270.0,265.0,266.0,2459445.66349473,658355021.5443841,0
2021-04-09T01:00:00+09:00,266.0,270.0,265.0,266.0,970970.54739476,259817109.43199897,0
2021-04-09T02:00:00+09:00,267.0,267.0,264.0,265.0,1343947.98380018,356261027.71764547,0
2021-04-09T03:00:00+09:00,265.0,265.0,263.0,265.0,694782.07452446,183468060.52980816,0
2021-04-09T04:00:00+09:00,265.0,267.0,261.0,262.0,436203.09922814,114840834.65827863,0
2021-04-09T05:00:00+09:00,262.0,263.0,261.0,262.0,763879.05660294,200115220.1123553,0
2021-04-09T06:00:00+09:00,262.0,265.0,261.0,264.0,1648578.93908928,432427162.3908663,0
2021-04-09T07:00:00+09:00,264.0,267.0,262.0,266.0,1688781.91515058,446921282.3986121,1
2021-04-09T08:00:00+09:00,266.0,269.0,264.0,269.0,3094853.63862718,823585127.3659201,0
2021-04-09T09:00:00+09:00,269.0,272.0,262.0,270.0,3749586.45242759,1000951639.8377453,0
2021-04-09T10:00:00+09:00,271.0,271.0,260.0,261.0,5287872.89607357,1398542739.9351387,0
2021-04-09T11:00:00+09:00,262.0,264.0,260.0,262.0,1092190.12748501,286515486.18411297,0
2021-04-09T12:00:00+09:00,262.0,264.0,260.0,260.0,1046936.37444362,273846672.2375102,0
2021-04-09T13:00:00+09:00,261.0,261.0,259.0,260.0,1450650.23491266,376871534.32550645,0
2021-04-09T14:00:00+09:00,260.0,262.0,259.0,261.0,1781840.46151761,463961414.1837184,0
2021-04-09T15:00:00+09:00,261.0,263.0,260.0,261.0,1307273.27550138,341453334.8840337,1
2021-04-09T16:00:00+09:00,262.0,265.0,260.0,264.0,1277932.55019802,335122689.7719869,0
2021-04-09T17:00:00+09:00,263.0,264.0,254.0,257.0,3963362.247075,1023460795.6765763,1
2021-04-09T18:00:00+09:00,256.0,263.0,256.0,262.0,2658697.29066129,689778267.8765599,0
2021-04-09T19:00:00+09:00,262.0,265.0,260.0,263.0,3225600.85269513,847807953.0628036,1
2021-04-09T20:00:00+09:00,263.0,272.0,263.0,269.0,5905332.12482487,1583604400.9566202,0
2021-04-09T21:00:00+09:00,269.0,276.0,268.0,269.0,4485404.66998854,1217022296.8132896,0
2021-04-09T22:00:00+09:00,270.0,273.0,268.0,268.0,3261880.64365367,880682620.1930515,0
2021-04-09T23:00:00+09:00,269.0,272.0,264.0,270.0,5907068.87955325,1582459604.0513983,1
2021-04-10T00:00:00+09:00,270.0,275.0,269.0,273.0,3274644.00013239,888336045.3058112,1
2021-04-10T01:00:00+09:00,273.0,277.0,269.0,276.0,2348739.3933424,640553388.638852,1
2021-04-10T02:00:00+09:00,276.0,282.0,274.0,281.0,2161115.20339736,601887350.2141762,0
2021-04-10T03:00:00+09:00,281.0,282.0,277.0,279.0,1525336.82805766,427408575.0548711,0
2021-04-10T04:00:00+09:00,279.0,279.0,275.0,276.0,674861.63071632,186828593.57888174,0
2021-04-10T05:00:00+09:00,276.0,278.0,274.0,275.0,808384.39009187,222857253.6394565,1
2021-04-10T06:00:00+09:00,276.0,280.0,275.0,279.0,1215078.41841213,338021945.8387164,0
2021-04-10T07:00:00+09:00,279.0,282.0,276.0,281.0,2322608.16682603,648897033.9715364,1
2021-04-10T08:00:00+09:00,281.0,288.0,277.0,288.0,5253291.85272947,1488610519.273748,0
2021-04-10T09:00:00+09:00,287.0,288.0,279.0,283.0,6337249.44602525,1789979698.9773853,0
2021-04-10T10:00:00+09:00,283.0,285.0,281.0,282.0,2379710.17981305,673392736.9051847,0
2021-04-10T11:00:00+09:00,282.0,286.0,280.0,280.0,2811340.55287061,794885965.4498403,0
2021-04-10T12:00:00+09:00,281.0,282.0,279.0,280.0,1987382.25493795,557696295.6163157,0
2021-04-10T13:00:00+09:00,280.0,281.0,268.0,272.0,6539151.65083991,1791420623.2938273,0
2021-04-10T14:00:00+09:00,272.0,275.0,269.0,273.0,2931227.25065389,795467009.2859806,0
2021-04-10T15:00:00+09:00,273.0,275.0,271.0,272.0,1979894.54257893,540549372.105193,0
2021-04-10T16:00:00+09:00,272.0,273.0,266.0,270.0,2608520.39666827,702182640.6412163,0
2021-04-10T17:00:00+09:00,270.0,273.0,269.0,271.0,1423313.19002851,385788997.27863103,0
2021-04-10T18:00:00+09:00,271.0,274.0,269.0,272.0,1743935.32011378,474182052.3126051,0
2021-04-10T19:00:00+09:00,272.0,275.0,271.0,272.0,1295705.77466996,353886015.5362824,0
2021-04-10T20:00:00+09:00,272.0,275.0,271.0,274.0,2453757.73530836,669003041.979482,0
2021-04-10T21:00:00+09:00,274.0,279.0,273.0,274.0,2771546.12753294,764632586.6508433,0
2021-04-10T22:00:00+09:00,275.0,277.0,272.0,276.0,2967637.00205955,814824574.55865,1
2021-04-10T23:00:00+09:00,276.0,283.0,275.0,281.0,3701317.94210743,1031872776.8440163,0
2021-04-11T00:00:00+09:00,281.0,282.0,277.0,279.0,2282319.86604319,638928153.5564085,0
2021-04-11T01:00:00+09:00,280.0,281.0,272.0,274.0,3270023.22155089,902171143.2104294,0
2021-04-11T02:00:00+09:00,274.0,276.0,270.0,271.0,1250845.21559703,340178892.31194615,0
2021-04-11T03:00:00+09:00,271.0,273.0,269.0,270.0,1142322.02767752,309195601.4504475,0
2021-04-11T04:00:00+09:00,271.0,272.0,268.0,270.0,542990.15387304,146496940.9360812,0
2021-04-11T05:00:00+09:00,270.0,272.0,268.0,269.0,685275.64271008,185104979.30201223,1
2021-04-11T06:00:00+09:00,270.0,274.0,269.0,273.0,856072.30850644,232178662.6630681,0
2021-04-11T07:00:00+09:00,273.0,276.0,272.0,273.0,1554936.3711124,426128521.42019683,0
2021-04-11T08:00:00+09:00,273.0,275.0,272.0,274.0,2501232.83981569,683777165.1058959,0
2021-04-11T09:00:00+09:00,273.0,276.0,267.0,269.0,6110932.78775641,1651524731.4297428,0
2021-04-11T10:00:00+09:00,270.0,272.0,268.0,271.0,2128793.70436019,574438291.8305856,0
2021-04-11T11:00:00+09:00,270.0,271.0,265.0,267.0,2436239.43969705,652060781.053303,0
2021-04-11T12:00:00+09:00,267.0,271.0,266.0,268.0,1700420.23287817,456306970.66002214,1
2021-04-11T13:00:00+09:00,267.0,273.0,266.0,271.0,1768599.35475564,476068273.91798335,0
2021-04-11T14:00:00+09:00,271.0,281.0,266.0,273.0,20222814.37962364,5557051557.198146,0
2021-04-11T15:00:00+09:00,273.0,275.0,255.0,262.0,12596732.43938742,3369354351.503179,1
2021-04-11T16:00:00+09:00,262.0,268.0,260.0,266.0,3884479.15505674,1028544549.3118798,0
2021-04-11T17:00:00+09:00,266.0,272.0,266.0,268.0,1667305.22157186,448732494.62270576,0
2021-04-11T18:00:00+09:00,268.0,269.0,264.0,264.0,1818134.48195761,483005449.24222434,0
2021-04-11T19:00:00+09:00,266.0,269.0,263.0,264.0,3146954.84654937,837274880.8226904,1
2021-04-11T20:00:00+09:00,266.0,269.0,264.0,269.0,1571040.78362748,419388777.65299267,0
2021-04-11T21:00:00+09:00,269.0,270.0,265.0,265.0,1540232.63307241,411624211.1472412,0
2021-04-11T22:00:00+09:00,266.0,267.0,264.0,265.0,1391935.45785812,369340646.2134172,0
2021-04-11T23:00:00+09:00,265.0,268.0,264.0,266.0,1331617.47933803,354102845.96763176,0
2021-04-12T00:00:00+09:00,266.0,268.0,265.0,267.0,1368307.1095364,364013256.7558702,0
2021-04-12T01:00:00+09:00,267.0,268.0,264.0,266.0,992733.07947348,263857923.59438,0
2021-04-12T02:00:00+09:00,265.0,268.0,265.0,265.0,722806.07762161,192623748.87371874,0
2021-04-12T03:00:00+09:00,267.0,268.0,266.0,267.0,234058.11987236,62404709.31025102,0
2021-04-12T04:00:00+09:00,267.0,268.0,265.0,267.0,359763.86699878,95823825.68772978,0
2021-04-12T05:00:00+09:00,268.0,269.0,266.0,269.0,321942.31217979,85988265.25077273,0
2021-04-12T06:00:00+09:00,267.0,269.0,265.0,268.0,681378.76569825,182081969.37110525,0
2021-04-12T07:00:00+09:00,268.0,271.0,267.0,270.0,1475416.60997886,397274704.07911676,0
2021-04-12T08:00:00+09:00,271.0,273.0,267.0,270.0,1896168.57654942,511431249.91845393,0
2021-04-12T09:00:00+09:00,270.0,270.0,264.0,265.0,3219235.92624339,856674655.8752439,0
2021-04-12T10:00:00+09:00,265.0,271.0,264.0,266.0,8252725.02438046,2200738504.301794,0
2021-04-12T11:00:00+09:00,266.0,268.0,261.0,262.0,5276167.70921273,1394494245.84148,0
2021-04-12T12:00:00+09:00,262.0,265.0,261.0,264.0,1529674.552459,402550207.2994959,0
2021-04-12T13:00:00+09:00,264.0,266.0,262.0,263.0,1619362.17767528,427750673.17264634,0
2021-04-12T14:00:00+09:00,263.0,265.0,260.0,261.0,1649014.16016842,432276953.8457724,0
2021-04-12T15:00:00+09:00,261.0,263.0,258.0,261.0,3539161.88445855,920775025.9665984,0
2021-04-12T16:00:00+09:00,261.0,263.0,258.0,260.0,3637578.73067185,948947336.3623734,0
2021-04-12T17:00:00+09:00,261.0,262.0,258.0,260.0,2119443.81211909,550435978.5571859,0
2021-04-12T18:00:00+09:00,259.0,260.0,256.0,258.0,2790019.03355509,720303241.5825963,0
2021-04-12T19:00:00+09:00,258.0,260.0,255.0,256.0,2377714.71301394,610749556.6416967,0
2021-04-12T20:00:00+09:00,257.0,261.0,256.0,258.0,1767831.24778513,457163658.0936378,0
2021-04-12T21:00:00+09:00,258.0,259.0,257.0,259.0,1265449.13248266,326294976.13447064,0
2021-04-12T22:00:00+09:00,259.0,259.0,256.0,257.0,1843611.51881976,473920904.33517987,0
2021-04-12T23:00:00+09:00,257.0,258.0,255.0,255.0,2428324.42528433,621771669.2540513,0
2021-04-13T00:00:00+09:00,255.0,257.0,254.0,256.0,1385932.39276049,353421759.72595215,0
2021-04-13T01:00:00+09:00,257.0,257.0,254.0,254.0,974020.20705396,248908907.87475744,1
2021-04-13T02:00:00+09:00,254.0,257.0,254.0,257.0,337042.62723141,86021699.99524124,0
2021-04-13T03:00:00+09:00,257.0,257.0,255.0,257.0,297474.64567483,76303213.83875361,0
2021-04-13T04:00:00+09:00,257.0,258.0,256.0,258.0,204902.98916418,52595685.3101917,0
2021-04-13T05:00:00+09:00,258.0,259.0,256.0,259.0,878178.32417406,226456533.98844567,0
2021-04-13T06:00:00+09:00,259.0,259.0,257.0,258.0,997091.29539526,257274763.0916889,0
2021-04-13T07:00:00+09:00,259.0,260.0,255.0,259.0,974198.44784231,250738453.797494,0
2021-04-13T08:00:00+09:00,259.0,260.0,256.0,257.0,1943713.63708176,500364466.427646,0
2021-04-13T09:00:00+09:00,257.0,259.0,254.0,255.0,2497729.70720047,639222155.1474273,1
2021-04-13T10:00:00+09:00,256.0,261.0,255.0,258.0,2928309.26277145,757006420.1670641,0
2021-04-13T11:00:00+09:00,257.0,259.0,256.0,258.0,1567848.92014949,403240762.7277954,0
2021-04-13T12:00:00+09:00,257.0,261.0,256.0,259.0,1497064.44122051,386172761.7883226,0
2021-04-13T13:00:00+09:00,260.0,261.0,257.0,259.0,1473333.2131836,381419280.9053405,0
2021-04-13T14:00:00+09:00,260.0,261.0,255.0,257.0,2085913.57335277,539626751.8617198,0
2021-04-13T15:00:00+09:00,257.0,258.0,254.0,255.0,2532721.04078678,647471011.3924375,0
2021-04-13T16:00:00+09:00,255.0,255.0,251.0,253.0,2480944.65838994,626283748.5706115,0
2021-04-13T17:00:00+09:00,253.0,254.0,247.0,250.0,4524728.49574354,1133640716.7859013,0
2021-04-13T18:00:00+09:00,250.0,252.0,248.0,250.0,2759306.64217586,689579034.2211057,1
2021-04-13T19:00:00+09:00,250.0,256.0,249.0,255.0,2713142.99483007,687616081.1901565,0
2021-04-13T20:00:00+09:00,254.0,255.0,250.0,254.0,1889039.99482103,477253227.9735827,1
2021-04-13T21:00:00+09:00,254.0,261.0,253.0,260.0,3796631.32634542,975246549.882275,0
2021-04-13T22:00:00+09:00,261.0,264.0,259.0,261.0,9839108.58955764,2574906633.578385,0
2021-04-13T23:00:00+09:00,261.0,264.0,260.0,262.0,2724417.96836215,713105936.3466722,0
2021-04-14T00:00:00+09:00,263.0,264.0,258.0,259.0,2848695.86434729,745066483.4261748,0
2021-04-14T01:00:00+09:00,259.0,261.0,258.0,260.0,268839.18666367,69516983.78820874,1
